ip_adress,port,code,country,anonimity,google,https,last_checked
,,,,,,,
167.99.124.118,80,US,United States,anonymous,yes,no,18 secs ago
202.5.16.44,80,US,United States,anonymous,yes,no,27 secs ago
138.68.225.200,80,US,United States,elite proxy,,no,27 secs ago
138.197.20.244,10004,US,United States,elite proxy,,no,27 secs ago
216.137.184.253,80,US,United States,elite proxy,,no,27 secs ago
47.88.62.42,80,US,United States,anonymous,yes,no,27 secs ago
162.243.184.21,10008,US,United States,elite proxy,,no,27 secs ago
162.223.94.164,80,US,United States,anonymous,no,no,27 secs ago
198.49.68.80,80,US,United States,elite proxy,no,no,27 secs ago
138.197.16.249,10008,US,United States,elite proxy,,no,27 secs ago
162.248.225.230,80,US,United States,anonymous,yes,no,27 secs ago
162.248.224.103,80,US,United States,anonymous,yes,no,27 secs ago
162.223.89.84,80,US,United States,anonymous,no,no,27 secs ago
50.206.111.88,80,US,United States,anonymous,no,no,28 secs ago
50.174.145.15,80,US,United States,anonymous,no,no,28 secs ago
50.168.163.177,80,US,United States,anonymous,no,no,28 secs ago
50.171.32.229,80,US,United States,anonymous,no,no,28 secs ago
50.204.219.227,80,US,United States,anonymous,no,no,28 secs ago
50.173.140.150,80,US,United States,anonymous,no,no,28 secs ago
50.171.152.30,80,US,United States,anonymous,no,no,28 secs ago
50.172.75.123,80,US,United States,anonymous,no,no,28 secs ago
50.173.140.151,80,US,United States,anonymous,no,no,28 secs ago
50.169.23.170,80,US,United States,anonymous,no,no,28 secs ago
50.174.145.8,80,US,United States,anonymous,no,no,28 secs ago
50.206.111.91,80,US,United States,anonymous,no,no,28 secs ago
50.218.57.65,80,US,United States,anonymous,no,no,28 secs ago
50.217.226.47,80,US,United States,anonymous,no,no,28 secs ago
50.174.7.153,80,US,United States,anonymous,no,no,28 secs ago
50.173.140.148,80,US,United States,anonymous,no,no,28 secs ago
50.171.32.228,80,US,United States,anonymous,no,no,28 secs ago
50.207.199.80,80,US,United States,anonymous,no,no,28 secs ago
50.174.7.154,80,US,United States,anonymous,no,no,28 secs ago
107.1.93.211,80,US,United States,anonymous,no,no,28 secs ago
50.204.219.224,80,US,United States,anonymous,no,no,28 secs ago
50.174.7.152,80,US,United States,anonymous,no,no,28 secs ago
50.171.32.226,80,US,United States,anonymous,no,no,28 secs ago
50.217.29.198,80,US,United States,anonymous,no,no,28 secs ago
68.185.57.66,80,US,United States,anonymous,no,no,28 secs ago
50.207.199.81,80,US,United States,anonymous,no,no,28 secs ago
50.222.245.40,80,US,United States,anonymous,no,no,28 secs ago
50.173.140.147,80,US,United States,anonymous,no,no,28 secs ago
50.122.86.118,80,US,United States,anonymous,no,no,28 secs ago
50.172.75.122,80,US,United States,anonymous,no,no,28 secs ago
50.173.140.146,80,US,United States,anonymous,no,no,28 secs ago
50.168.72.122,80,US,United States,anonymous,no,no,28 secs ago
50.239.72.17,80,US,United States,anonymous,no,no,28 secs ago
50.174.7.156,80,US,United States,anonymous,no,no,28 secs ago
50.173.140.149,80,US,United States,anonymous,no,no,28 secs ago
50.228.141.99,80,US,United States,anonymous,no,no,28 secs ago
50.174.7.159,80,US,United States,anonymous,no,no,28 secs ago
107.1.93.219,80,US,United States,anonymous,no,no,28 secs ago
50.231.110.26,80,US,United States,anonymous,no,no,10 mins ago
50.171.32.222,80,US,United States,anonymous,no,no,10 mins ago
68.188.59.198,80,US,United States,anonymous,no,no,10 mins ago
50.168.163.178,80,US,United States,anonymous,no,no,10 mins ago
50.171.32.224,80,US,United States,anonymous,no,no,10 mins ago
107.1.93.220,80,US,United States,anonymous,no,no,10 mins ago
50.217.226.41,80,US,United States,anonymous,no,no,10 mins ago
50.170.90.31,80,US,United States,anonymous,no,no,10 mins ago
50.171.32.227,80,US,United States,anonymous,no,no,10 mins ago
50.168.72.113,80,US,United States,anonymous,no,no,10 mins ago
34.23.45.223,80,US,United States,elite proxy,yes,no,10 mins ago
50.204.219.230,80,US,United States,anonymous,no,no,10 mins ago
50.204.219.226,80,US,United States,anonymous,no,no,10 mins ago
50.168.72.118,80,US,United States,anonymous,no,no,10 mins ago
50.168.163.183,80,US,United States,anonymous,no,no,10 mins ago
50.221.166.2,80,US,United States,anonymous,no,no,10 mins ago
50.207.199.83,80,US,United States,anonymous,no,no,10 mins ago
50.172.23.10,80,US,United States,anonymous,no,no,10 mins ago
107.1.93.223,80,US,United States,anonymous,no,no,10 mins ago
50.174.7.157,80,US,United States,anonymous,no,no,10 mins ago
50.168.210.238,80,US,United States,anonymous,no,no,10 mins ago
50.237.207.186,80,US,United States,anonymous,no,no,10 mins ago
107.1.93.218,80,US,United States,anonymous,no,no,10 mins ago
50.228.141.97,80,US,United States,anonymous,no,no,10 mins ago
50.170.90.25,80,US,United States,anonymous,no,no,10 mins ago
50.200.12.84,80,US,United States,anonymous,no,no,10 mins ago
50.228.83.226,80,US,United States,anonymous,no,no,10 mins ago
50.168.72.112,80,US,United States,anonymous,no,no,10 mins ago
50.231.104.58,80,US,United States,anonymous,no,no,10 mins ago
50.228.141.98,80,US,United States,anonymous,no,no,10 mins ago
50.168.72.119,80,US,United States,anonymous,no,no,10 mins ago
50.200.12.87,80,US,United States,anonymous,no,no,10 mins ago
50.207.199.84,80,US,United States,anonymous,no,no,10 mins ago
50.173.140.138,80,US,United States,anonymous,no,no,10 mins ago
50.170.90.30,80,US,United States,anonymous,no,no,10 mins ago
50.170.90.28,80,US,United States,anonymous,no,no,10 mins ago
50.169.135.10,80,US,United States,anonymous,no,no,10 mins ago
50.168.72.115,80,US,United States,anonymous,no,no,10 mins ago
50.228.141.96,80,US,United States,anonymous,no,no,10 mins ago
50.230.222.202,80,US,United States,anonymous,no,no,10 mins ago
50.239.72.19,80,US,United States,anonymous,no,no,10 mins ago
50.172.75.124,80,US,United States,anonymous,no,no,10 mins ago
50.168.163.182,80,US,United States,anonymous,no,no,10 mins ago
50.207.199.87,80,US,United States,anonymous,no,no,10 mins ago
50.168.72.116,80,US,United States,anonymous,no,no,10 mins ago
32.223.6.94,80,US,United States,anonymous,no,no,10 mins ago
50.168.210.235,80,US,United States,anonymous,no,no,10 mins ago
50.200.12.86,80,US,United States,anonymous,no,no,10 mins ago
172.108.208.74,80,US,United States,anonymous,no,no,10 mins ago
50.175.212.74,80,US,United States,anonymous,no,no,10 mins ago
50.168.210.232,80,US,United States,anonymous,no,no,10 mins ago
50.168.210.236,80,US,United States,anonymous,no,no,10 mins ago
50.221.230.186,80,US,United States,anonymous,no,no,10 mins ago
107.1.93.217,80,US,United States,anonymous,no,no,10 mins ago
50.222.245.50,80,US,United States,anonymous,no,no,10 mins ago
50.200.12.85,80,US,United States,anonymous,no,no,10 mins ago
50.222.245.47,80,US,United States,anonymous,no,no,10 mins ago
50.207.199.86,80,US,United States,anonymous,no,no,10 mins ago
107.1.93.212,80,US,United States,anonymous,no,no,10 mins ago
107.1.93.222,80,US,United States,anonymous,no,no,10 mins ago
50.222.245.44,80,US,United States,anonymous,no,no,10 mins ago
50.218.57.69,80,US,United States,anonymous,no,no,10 mins ago
50.228.141.102,80,US,United States,anonymous,no,no,10 mins ago
50.206.111.90,80,US,United States,anonymous,no,no,10 mins ago
50.200.12.80,80,US,United States,anonymous,no,no,10 mins ago
50.168.163.179,80,US,United States,anonymous,no,no,10 mins ago
34.134.91.130,3128,US,United States,transparent,no,no,15 mins ago
20.1.56.27,80,US,United States,anonymous,,no,20 mins ago
167.99.236.14,80,US,United States,elite proxy,,no,20 mins ago
34.122.187.196,80,US,United States,elite proxy,,no,20 mins ago
185.217.143.125,80,US,United States,anonymous,,no,20 mins ago
47.88.29.108,8080,US,United States,elite proxy,,no,20 mins ago
50.174.7.158,80,US,United States,anonymous,no,no,21 mins ago
50.222.245.42,80,US,United States,anonymous,no,no,21 mins ago
50.207.199.85,80,US,United States,anonymous,no,no,21 mins ago
50.222.245.46,80,US,United States,anonymous,no,no,21 mins ago
50.200.12.82,80,US,United States,anonymous,no,no,21 mins ago
50.174.145.9,80,US,United States,anonymous,no,no,21 mins ago
71.235.183.92,80,US,United States,elite proxy,no,no,21 mins ago
50.173.140.145,80,US,United States,anonymous,no,no,21 mins ago
50.171.32.225,80,US,United States,anonymous,no,no,21 mins ago
50.206.111.89,80,US,United States,anonymous,no,no,21 mins ago
50.171.32.230,80,US,United States,anonymous,no,no,21 mins ago
50.221.74.130,80,US,United States,anonymous,no,no,21 mins ago
50.239.72.16,80,US,United States,anonymous,no,no,21 mins ago
50.168.72.114,80,US,United States,anonymous,no,no,21 mins ago
50.235.240.86,80,US,United States,anonymous,no,no,21 mins ago
50.168.163.180,80,US,United States,anonymous,no,no,21 mins ago
50.168.210.226,80,US,United States,anonymous,no,no,21 mins ago
50.217.226.45,80,US,United States,anonymous,no,no,21 mins ago
50.170.90.24,80,US,United States,anonymous,no,no,21 mins ago
50.174.41.66,80,US,United States,anonymous,no,no,21 mins ago
50.168.72.117,80,US,United States,anonymous,no,no,21 mins ago
50.228.141.101,80,US,United States,anonymous,no,no,21 mins ago
50.168.163.181,80,US,United States,anonymous,no,no,21 mins ago
50.168.163.166,80,US,United States,anonymous,no,no,30 mins ago
50.174.7.155,80,US,United States,anonymous,no,no,30 mins ago
107.1.93.213,80,US,United States,anonymous,no,no,30 mins ago
50.174.145.13,80,US,United States,anonymous,no,no,30 mins ago
50.222.245.45,80,US,United States,anonymous,no,no,30 mins ago
50.218.57.66,80,US,United States,anonymous,no,no,30 mins ago
50.204.190.234,80,US,United States,anonymous,no,no,30 mins ago
50.217.226.44,80,US,United States,anonymous,no,no,30 mins ago
50.174.145.14,80,US,United States,anonymous,no,no,30 mins ago
50.204.219.231,80,US,United States,anonymous,no,no,30 mins ago
50.168.163.176,80,US,United States,anonymous,no,no,30 mins ago
50.231.172.74,80,US,United States,anonymous,no,no,30 mins ago
64.225.4.17,10005,US,United States,elite proxy,no,no,30 mins ago
50.170.90.34,80,US,United States,anonymous,no,no,30 mins ago
50.217.226.42,80,US,United States,anonymous,no,no,30 mins ago
96.113.158.126,80,US,United States,anonymous,no,no,30 mins ago
50.204.219.229,80,US,United States,anonymous,no,no,30 mins ago
50.204.219.225,80,US,United States,anonymous,no,no,30 mins ago
47.88.3.19,8080,US,United States,anonymous,no,no,30 mins ago
50.218.57.67,80,US,United States,anonymous,no,no,30 mins ago
50.173.140.144,80,US,United States,anonymous,no,no,30 mins ago
107.1.93.214,80,US,United States,anonymous,no,no,30 mins ago
74.96.118.126,80,US,United States,elite proxy,yes,no,40 mins ago
209.126.6.159,80,US,United States,elite proxy,yes,no,40 mins ago
162.223.94.163,80,US,United States,anonymous,yes,no,40 mins ago
24.205.201.186,80,US,United States,anonymous,no,no,41 mins ago
50.222.245.41,80,US,United States,anonymous,no,no,41 mins ago
23.95.186.182,3128,US,United States,transparent,no,no,42 mins ago
209.126.86.43,3128,US,United States,transparent,no,no,42 mins ago
12.186.205.123,80,US,United States,anonymous,no,no,50 mins ago
50.171.32.231,80,US,United States,anonymous,no,no,50 mins ago
20.106.237.51,3128,US,United States,transparent,no,no,51 mins ago
23.225.72.122,3500,US,United States,transparent,no,no,51 mins ago
23.225.72.124,3502,US,United States,transparent,no,no,51 mins ago
23.225.72.125,3503,US,United States,transparent,no,no,52 mins ago
23.225.72.123,3501,US,United States,transparent,no,no,52 mins ago
107.152.47.85,9797,US,United States,transparent,no,no,55 mins ago
138.68.60.8,8080,US,United States,anonymous,no,no,1 hour ago
74.208.177.198,80,US,United States,elite proxy,yes,no,1 hour ago
50.218.57.71,80,US,United States,anonymous,no,no,1 hour ago
50.218.57.64,80,US,United States,anonymous,no,no,1 hour ago
50.223.38.2,80,US,United States,anonymous,no,no,1 hour ago
107.1.93.215,80,US,United States,anonymous,no,no,1 hour ago
107.1.93.208,80,US,United States,anonymous,no,no,1 hour ago
12.186.205.120,80,US,United States,anonymous,no,no,1 hour ago
50.223.38.6,80,US,United States,anonymous,no,no,1 hour ago
96.113.159.162,80,US,United States,anonymous,no,no,1 hour ago
185.217.143.96,80,US,United States,anonymous,no,no,1 hour ago
154.201.38.6,3128,US,United States,transparent,no,no,1 hour 2 mins ago
154.84.140.13,3128,US,United States,transparent,no,no,1 hour 2 mins ago
38.15.151.169,3128,US,United States,transparent,no,no,1 hour 2 mins ago
154.202.96.69,3128,US,United States,transparent,no,no,1 hour 7 mins ago
154.202.100.104,3128,US,United States,transparent,no,no,1 hour 7 mins ago
154.201.37.181,3128,US,United States,transparent,no,no,1 hour 7 mins ago
